id,lname_fname,email,date_of_birth,join_date
1,"Smith      ,Jon",ko'connell@example.com,7/25/1985,7/1/2011
2,"Bergnaum   ,Leatha",gutkowski.geraldine@example.org,11/12/2001,9/13/1996
3,"Schimmel   ,Alessia",fatima27@example.com,10/10/1982,10/5/2019
4,"Cartwright ,Dell",elizabeth16@example.com,6/12/1983,7/16/2002
5,"Haag       ,Golda",foster49@example.org,10/11/2016,2/24/1991
6,"Fisher     ,Glenda",hollie.lesch@example.net,12/5/1974,12/6/1996
7,"Batz       ,Freddie",rodriguez.prince@example.net,10/6/1994,4/20/1981
8,"Borer      ,Bethany",koelpin.joyce@example.com,1/9/1978,1/26/2008
9,"Hahn       ,Janick",ibarrows@example.com,7/1/1994,3/1/1994
10,"Aufderhar  ,Darby",jermey04@example.org,8/30/1989,6/24/1991
11,"Krajcik    ,Jakob",alysa.zemlak@example.org,1/13/1972,12/8/2009
12,"Grimes     ,Jed",raymond.lindgren@example.org,2/8/2003,2/26/1972
13,"Ledner     ,Kennedi",runte.marge@example.org,9/19/1981,8/22/1999
14,"Jakubowski ,Hattie",zane.runolfsdottir@example.org,2/11/2017,6/29/1991
15,"Rolfson    ,Damaris",yrunolfsson@example.org,3/13/2005,1/29/1979
16,"Kshlerin   ,Alaina",shields.lilla@example.org,12/30/2010,12/5/1972
17,"Borer      ,Meghan",marvin.dameon@example.net,9/22/1971,2/9/1988
18,"Kub        ,Merle",mills.madilyn@example.net,2/10/1990,9/7/2018
19,"Lockman    ,Eliane",amy.champlin@example.org,5/19/2011,12/12/2010
20,"Casper     ,Fae",pmcdermott@example.com,4/9/1979,6/28/2005
21,"Pfeffer    ,Kole",fwiza@example.com,9/5/1996,12/24/1998
22,"Dietrich   ,Erna",tbartell@example.org,8/28/2012,6/15/1978
23,"Hilpert    ,Mattie",dale.wiegand@example.com,10/14/2003,2/10/1978
24,"Wisozk     ,Jacynthe",una91@example.org,7/29/1996,4/11/1983
25,"Schoen     ,Camryn",vern.schumm@example.com,5/29/1971,7/15/1999
26,"Huels      ,Angus",morissette.rafaela@example.com,2/18/2001,7/1/1995
27,"Sauer      ,Cathryn",cgislason@example.net,4/7/2008,11/5/2017
28,"Mante      ,Mayra",zkirlin@example.net,8/2/1993,12/2/2001
29,"Purdy      ,Roslyn",bridget26@example.com,10/21/2002,5/6/1995
30,"Mills      ,Torey",rrussel@example.com,5/9/2011,1/16/2011
31,"Graham     ,Sally",carey26@example.com,11/24/2006,11/6/1988
32,"Macejkovic ,Samanta",mueller.nakia@example.org,12/7/1976,4/18/1973
33,"VonRueden  ,Erick",goodwin.oda@example.net,11/1/1977,8/7/1992
34,"Brown      ,Katarina",cheyanne.quigley@example.com,3/8/2017,1/14/2018
35,"Glover     ,Gavin",daniel.roberta@example.net,5/19/2008,5/24/2002
36,"Bailey     ,Alva",murray.zelda@example.net,3/27/1988,8/6/1996
37,"Goodwin    ,Jaylan",emmerich.eleazar@example.com,5/23/1980,11/29/1981
38,"Little     ,Ara",verona57@example.org,2/7/2011,7/27/1986
39,"Pouros     ,Anne",arnoldo.erdman@example.org,2/24/1985,9/5/1971
40,"Crooks     ,Allison",mdoyle@example.com,8/27/1979,12/4/1977
